{"cameraMode":{"drawMode":0,"name":"Shaded","section":"Shading Mode"},"sceneLighting":true,"audioPlay":false,"sceneViewState":{"m_AlwaysRefresh":false,"showFog":true,"showSkybox":true,"showFlares":true,"showImageEffects":true,"showParticleSystems":true,"showVisualEffectGraphs":true,"m_FxEnabled":true},"in2DMode":false,"pivot":{"x":-0.19333672523498536,"y":2.835611343383789,"z":19.95601463317871},"rotation":{"x":-0.0017791315913200379,"y":0.7883704304695129,"z":0.0020227786153554918,"w":0.6156493425369263},"size":8.193460464477539,"orthographic":false}