{"cameraMode":{"drawMode":0,"name":"Shaded","section":"Shading Mode"},"sceneLighting":false,"audioPlay":false,"sceneViewState":{"m_AlwaysRefresh":false,"showFog":true,"showSkybox":false,"showFlares":true,"showImageEffects":true,"showParticleSystems":true,"showVisualEffectGraphs":true,"m_FxEnabled":true},"in2DMode":false,"pivot":{"x":-1.7881393432617188e-7,"y":-0.5678723454475403,"z":-0.38239800930023196},"rotation":{"x":0.2080872356891632,"y":-0.14152762293815614,"z":0.030198900029063226,"w":0.9675291776657105},"size":1.3430217504501343,"orthographic":false}