{"cameraMode":{"drawMode":0,"name":"Shaded","section":"Shading Mode"},"sceneLighting":false,"audioPlay":false,"sceneViewState":{"m_AlwaysRefresh":false,"showFog":true,"showSkybox":false,"showFlares":true,"showImageEffects":true,"showParticleSystems":true,"showVisualEffectGraphs":true,"m_FxEnabled":true},"in2DMode":false,"pivot":{"x":0.6928787231445313,"y":-0.7404837608337402,"z":-0.1619405746459961},"rotation":{"x":-0.053082872182130817,"y":0.21462756395339967,"z":-0.011424684897065163,"w":-0.9754480123519898},"size":8.03363037109375,"orthographic":false}